DP,DPNOM,YEAR,Total
05,Antioquia,1985,"3,994,984"
05,Antioquia,1986,"4,073,176"
05,Antioquia,1987,"4,152,532"
05,Antioquia,1988,"4,231,540"
05,Antioquia,1989,"4,309,045"
05,Antioquia,1990,"4,384,563"
05,Antioquia,1991,"4,458,798"
05,Antioquia,1992,"4,532,670"
08,Atlántico,1985,"1,331,791"
08,Atlántico,1986,"1,376,226"
08,Atlántico,1987,"1,420,522"
08,Atlántico,1988,"1,464,594"
08,Atlántico,1989,"1,508,274"
08,Atlántico,1990,"1,551,476"
08,Atlántico,1991,"1,594,430"
08,Atlántico,1992,"1,637,392"
11,"Bogotá, D.C.",1985,"3,804,636"
11,"Bogotá, D.C.",1986,"3,972,841"
11,"Bogotá, D.C.",1987,"4,139,946"
11,"Bogotá, D.C.",1988,"4,306,433"
11,"Bogotá, D.C.",1989,"4,471,841"
11,"Bogotá, D.C.",1990,"4,635,514"
11,"Bogotá, D.C.",1991,"4,798,274"
11,"Bogotá, D.C.",1992,"4,962,022"
13,Bolívar,1985,"1,220,967"
13,Bolívar,1986,"1,251,379"
13,Bolívar,1987,"1,282,045"
13,Bolívar,1988,"1,312,887"
13,Bolívar,1989,"1,343,824"
13,Bolívar,1990,"1,374,876"
13,Bolívar,1991,"1,406,155"
13,Bolívar,1992,"1,437,729"
15,Boyacá,1985,"1,048,011"
15,Boyacá,1986,"1,052,385"
15,Boyacá,1987,"1,056,837"
15,Boyacá,1988,"1,061,299"
15,Boyacá,1989,"1,065,733"
15,Boyacá,1990,"1,070,104"
15,Boyacá,1991,"1,074,459"
15,Boyacá,1992,"1,078,922"
17,Caldas,1985,"960,260"
17,Caldas,1986,"965,100"
17,Caldas,1987,"969,846"
17,Caldas,1988,"974,462"
17,Caldas,1989,"978,829"
17,Caldas,1990,"982,848"
17,Caldas,1991,"986,620"
17,Caldas,1992,"990,330"
18,Caquetá,1985,"263,160"
18,Caquetá,1986,"271,487"
18,Caquetá,1987,"279,646"
18,Caquetá,1988,"287,596"
18,Caquetá,1989,"295,293"
18,Caquetá,1990,"302,717"
18,Caquetá,1991,"309,919"
18,Caquetá,1992,"316,907"
19,Cauca,1985,"974,405"
19,Cauca,1986,"986,786"
19,Cauca,1987,"999,625"
19,Cauca,1988,"1,012,834"
19,Cauca,1989,"1,026,314"
19,Cauca,1990,"1,039,976"
19,Cauca,1991,"1,053,963"
19,Cauca,1992,"1,068,557"
20,Cesar,1985,"592,442"
20,Cesar,1986,"613,161"
20,Cesar,1987,"633,745"
20,Cesar,1988,"654,127"
20,Cesar,1989,"674,298"
20,Cesar,1990,"694,262"
20,Cesar,1991,"714,051"
20,Cesar,1992,"733,623"
23,Córdoba,1985,"1,132,612"
23,Córdoba,1986,"1,151,590"
23,Córdoba,1987,"1,170,904"
23,Córdoba,1988,"1,190,468"
23,Córdoba,1989,"1,210,256"
23,Córdoba,1990,"1,230,290"
23,Córdoba,1991,"1,250,586"
23,Córdoba,1992,"1,271,153"
25,Cundinamarca,1985,"2,114,276"
25,Cundinamarca,1986,"2,065,235"
25,Cundinamarca,1987,"2,020,094"
25,Cundinamarca,1988,"1,978,695"
25,Cundinamarca,1989,"1,940,832"
25,Cundinamarca,1990,"1,906,370"
25,Cundinamarca,1991,"1,875,416"
25,Cundinamarca,1992,"1,848,208"
27,Chocó,1985,"229,105"
27,Chocó,1986,"235,121"
27,Chocó,1987,"241,629"
27,Chocó,1988,"248,458"
27,Chocó,1989,"255,566"
27,Chocó,1990,"262,968"
27,Chocó,1991,"270,600"
27,Chocó,1992,"278,469"
41,Huila,1985,"680,674"
41,Huila,1986,"693,291"
41,Huila,1987,"706,169"
41,Huila,1988,"719,228"
41,Huila,1989,"732,407"
41,Huila,1990,"745,687"
41,Huila,1991,"759,135"
41,Huila,1992,"772,830"
44,La Guajira,1985,"395,373"
44,La Guajira,1986,"405,272"
44,La Guajira,1987,"415,434"
44,La Guajira,1988,"425,730"
44,La Guajira,1989,"436,120"
44,La Guajira,1990,"446,644"
44,La Guajira,1991,"457,363"
44,La Guajira,1992,"468,477"
47,Magdalena,1985,"802,094"
47,Magdalena,1986,"814,494"
47,Magdalena,1987,"827,158"
47,Magdalena,1988,"840,021"
47,Magdalena,1989,"853,030"
47,Magdalena,1990,"866,200"
47,Magdalena,1991,"879,594"
47,Magdalena,1992,"893,267"
50,Meta,1985,"405,223"
50,Meta,1986,"421,008"
50,Meta,1987,"437,328"
50,Meta,1988,"454,151"
50,Meta,1989,"471,443"
50,Meta,1990,"489,217"
50,Meta,1991,"507,588"
50,Meta,1992,"526,666"
52,Nariño,1985,"1,189,007"
52,Nariño,1986,"1,203,597"
52,Nariño,1987,"1,218,733"
52,Nariño,1988,"1,234,134"
52,Nariño,1989,"1,249,529"
52,Nariño,1990,"1,264,744"
52,Nariño,1991,"1,280,080"
52,Nariño,1992,"1,296,127"
54,Norte de Santander,1985,"921,438"
54,Norte de Santander,1986,"941,230"
54,Norte de Santander,1987,"961,290"
54,Norte de Santander,1988,"981,510"
54,Norte de Santander,1989,"1,001,761"
54,Norte de Santander,1990,"1,021,965"
54,Norte de Santander,1991,"1,042,294"
54,Norte de Santander,1992,"1,063,046"
63,Quindio,1985,"450,100"
63,Quindio,1986,"452,993"
63,Quindio,1987,"456,005"
63,Quindio,1988,"459,185"
63,Quindio,1989,"462,436"
63,Quindio,1990,"465,669"
63,Quindio,1991,"469,079"
63,Quindio,1992,"472,954"
66,Risaralda,1985,"681,414"
66,Risaralda,1986,"693,027"
66,Risaralda,1987,"704,616"
66,Risaralda,1988,"716,316"
66,Risaralda,1989,"727,898"
66,Risaralda,1990,"739,151"
66,Risaralda,1991,"750,429"
66,Risaralda,1992,"762,288"
68,Santander,1985,"1,389,414"
68,Santander,1986,"1,412,093"
68,Santander,1987,"1,435,334"
68,Santander,1988,"1,459,014"
68,Santander,1989,"1,482,998"
68,Santander,1990,"1,507,191"
68,Santander,1991,"1,531,742"
68,Santander,1992,"1,556,972"
70,Sucre,1985,"590,461"
70,Sucre,1986,"600,249"
70,Sucre,1987,"610,197"
70,Sucre,1988,"620,245"
70,Sucre,1989,"630,357"
70,Sucre,1990,"640,539"
70,Sucre,1991,"650,810"
70,Sucre,1992,"661,132"
73,Tolima,1985,"1,186,822"
73,Tolima,1986,"1,194,377"
73,Tolima,1987,"1,201,914"
73,Tolima,1988,"1,209,434"
73,Tolima,1989,"1,216,846"
73,Tolima,1990,"1,224,084"
73,Tolima,1991,"1,231,183"
73,Tolima,1992,"1,238,174"
76,Valle del Cauca,1985,"3,388,992"
76,Valle del Cauca,1986,"3,437,361"
76,Valle del Cauca,1987,"3,486,262"
76,Valle del Cauca,1988,"3,534,820"
76,Valle del Cauca,1989,"3,581,610"
76,Valle del Cauca,1990,"3,625,838"
76,Valle del Cauca,1991,"3,669,350"
76,Valle del Cauca,1992,"3,714,906"
81,Arauca,1985,"168,339"
81,Arauca,1986,"171,909"
81,Arauca,1987,"175,435"
81,Arauca,1988,"178,904"
81,Arauca,1989,"182,316"
81,Arauca,1990,"185,672"
81,Arauca,1991,"188,976"
81,Arauca,1992,"192,270"
85,Casanare,1985,"190,862"
85,Casanare,1986,"196,483"
85,Casanare,1987,"202,247"
85,Casanare,1988,"208,094"
85,Casanare,1989,"214,026"
85,Casanare,1990,"220,060"
85,Casanare,1991,"226,239"
85,Casanare,1992,"232,624"
86,Putumayo,1985,"135,647"
86,Putumayo,1986,"141,676"
86,Putumayo,1987,"147,753"
86,Putumayo,1988,"153,834"
86,Putumayo,1989,"159,891"
86,Putumayo,1990,"165,909"
86,Putumayo,1991,"171,971"
86,Putumayo,1992,"178,222"
88,Archipiélago de San Andrés,1985,"41,305"
88,Archipiélago de San Andrés,1986,"43,261"
88,Archipiélago de San Andrés,1987,"45,190"
88,Archipiélago de San Andrés,1988,"47,053"
88,Archipiélago de San Andrés,1989,"48,854"
88,Archipiélago de San Andrés,1990,"50,580"
88,Archipiélago de San Andrés,1991,"52,225"
88,Archipiélago de San Andrés,1992,"53,776"
91,Amazonas,1985,"32,549"
91,Amazonas,1986,"34,156"
91,Amazonas,1987,"35,722"
91,Amazonas,1988,"37,275"
91,Amazonas,1989,"38,807"
91,Amazonas,1990,"40,307"
91,Amazonas,1991,"41,797"
91,Amazonas,1992,"43,276"
94,Guainía,1985,"15,497"
94,Guainía,1986,"16,003"
94,Guainía,1987,"16,531"
94,Guainía,1988,"17,058"
94,Guainía,1989,"17,563"
94,Guainía,1990,"18,056"
94,Guainía,1991,"18,560"
94,Guainía,1992,"19,093"
95,Guaviare,1985,"34,844"
95,Guaviare,1986,"38,846"
95,Guaviare,1987,"42,614"
95,Guaviare,1988,"46,120"
95,Guaviare,1989,"49,360"
95,Guaviare,1990,"52,333"
95,Guaviare,1991,"55,062"
95,Guaviare,1992,"57,596"
97,Vaupés,1985,"11,948"
97,Vaupés,1986,"12,373"
97,Vaupés,1987,"12,792"
97,Vaupés,1988,"13,205"
97,Vaupés,1989,"13,629"
97,Vaupés,1990,"14,055"
97,Vaupés,1991,"14,488"
97,Vaupés,1992,"14,941"
99,Vichada,1985,"41,240"
99,Vichada,1986,"42,626"
99,Vichada,1987,"44,037"
99,Vichada,1988,"45,449"
99,Vichada,1989,"46,861"
99,Vichada,1990,"48,289"
99,Vichada,1991,"49,755"
99,Vichada,1992,"51,296"
05,Antioquia,1993,"4,607,874"
05,Antioquia,1994,"4,679,652"
05,Antioquia,1995,"4,753,428"
05,Antioquia,1996,"4,828,617"
05,Antioquia,1997,"4,904,267"
05,Antioquia,1998,"4,979,394"
05,Antioquia,1999,"5,053,418"
05,Antioquia,2000,"5,125,644"
05,Antioquia,2001,"5,195,638"
05,Antioquia,2002,"5,263,667"
05,Antioquia,2003,"5,330,340"
05,Antioquia,2004,"5,396,150"
08,Atlántico,1993,"1,681,570"
08,Atlántico,1994,"1,722,771"
08,Atlántico,1995,"1,763,028"
08,Atlántico,1996,"1,802,161"
08,Atlántico,1997,"1,840,322"
08,Atlántico,1998,"1,877,606"
08,Atlántico,1999,"1,914,068"
08,Atlántico,2000,"1,949,617"
08,Atlántico,2001,"1,984,146"
08,Atlántico,2002,"2,017,648"
08,Atlántico,2003,"2,050,266"
08,Atlántico,2004,"2,082,198"
11,"Bogotá, D.C.",1993,"5,138,233"
11,"Bogotá, D.C.",1994,"5,296,708"
11,"Bogotá, D.C.",1995,"5,455,819"
11,"Bogotá, D.C.",1996,"5,614,203"
11,"Bogotá, D.C.",1997,"5,768,738"
11,"Bogotá, D.C.",1998,"5,916,230"
11,"Bogotá, D.C.",1999,"6,055,303"
11,"Bogotá, D.C.",2000,"6,184,880"
11,"Bogotá, D.C.",2001,"6,304,362"
11,"Bogotá, D.C.",2002,"6,414,904"
11,"Bogotá, D.C.",2003,"6,518,528"
11,"Bogotá, D.C.",2004,"6,616,513"
13,Bolívar,1993,"1,469,865"
13,Bolívar,1994,"1,500,407"
13,Bolívar,1995,"1,530,247"
13,Bolívar,1996,"1,559,366"
13,Bolívar,1997,"1,587,980"
13,Bolívar,1998,"1,616,288"
13,Bolívar,1999,"1,644,322"
13,Bolívar,2000,"1,671,988"
13,Bolívar,2001,"1,699,162"
13,Bolívar,2002,"1,725,647"
13,Bolívar,2003,"1,751,313"
13,Bolívar,2004,"1,776,177"
15,Boyacá,1993,"1,082,183"
15,Boyacá,1994,"1,087,619"
15,Boyacá,1995,"1,093,151"
15,Boyacá,1996,"1,098,694"
15,Boyacá,1997,"1,104,195"
15,Boyacá,1998,"1,109,616"
15,Boyacá,1999,"1,114,865"
15,Boyacá,2000,"1,119,904"
15,Boyacá,2001,"1,124,702"
15,Boyacá,2002,"1,129,250"
15,Boyacá,2003,"1,133,618"
15,Boyacá,2004,"1,137,797"
17,Caldas,1993,"993,536"
17,Caldas,1994,"997,309"
17,Caldas,1995,"1,000,677"
17,Caldas,1996,"1,003,535"
17,Caldas,1997,"1,005,791"
17,Caldas,1998,"1,007,382"
17,Caldas,1999,"1,008,277"
17,Caldas,2000,"1,008,357"
17,Caldas,2001,"1,007,560"
17,Caldas,2002,"1,005,919"
17,Caldas,2003,"1,003,556"
17,Caldas,2004,"1,000,581"
18,Caquetá,1993,"323,663"
18,Caquetá,1994,"329,913"
18,Caquetá,1995,"335,918"
18,Caquetá,1996,"341,683"
18,Caquetá,1997,"347,208"
18,Caquetá,1998,"352,461"
18,Caquetá,1999,"357,420"
18,Caquetá,2000,"362,047"
18,Caquetá,2001,"366,328"
18,Caquetá,2002,"370,243"
18,Caquetá,2003,"373,786"
18,Caquetá,2004,"376,967"
19,Cauca,1993,"1,082,810"
19,Cauca,1994,"1,099,397"
19,Cauca,1995,"1,116,314"
19,Cauca,1996,"1,133,437"
19,Cauca,1997,"1,150,677"
19,Cauca,1998,"1,167,956"
19,Cauca,1999,"1,185,202"
19,Cauca,2000,"1,202,262"
19,Cauca,2001,"1,218,955"
19,Cauca,2002,"1,235,188"
19,Cauca,2003,"1,251,001"
19,Cauca,2004,"1,266,447"
20,Cesar,1993,"752,881"
20,Cesar,1994,"771,095"
20,Cesar,1995,"788,898"
20,Cesar,1996,"806,300"
20,Cesar,1997,"823,363"
20,Cesar,1998,"840,167"
20,Cesar,1999,"856,709"
20,Cesar,2000,"872,935"
20,Cesar,2001,"888,830"
20,Cesar,2002,"904,392"
20,Cesar,2003,"919,636"
20,Cesar,2004,"934,589"
23,Córdoba,1993,"1,291,582"
23,Córdoba,1994,"1,312,505"
23,Córdoba,1995,"1,333,433"
23,Córdoba,1996,"1,354,338"
23,Córdoba,1997,"1,375,245"
23,Córdoba,1998,"1,396,157"
23,Córdoba,1999,"1,417,058"
23,Córdoba,2000,"1,437,868"
23,Córdoba,2001,"1,458,524"
23,Córdoba,2002,"1,479,008"
23,Córdoba,2003,"1,499,332"
23,Córdoba,2004,"1,519,528"
25,Cundinamarca,1993,"1,822,114"
25,Cundinamarca,1994,"1,808,276"
25,Cundinamarca,1995,"1,798,633"
25,Cundinamarca,1996,"1,793,018"
25,Cundinamarca,1997,"1,791,331"
25,Cundinamarca,1998,"1,793,463"
25,Cundinamarca,1999,"1,799,222"
25,Cundinamarca,2000,"1,808,398"
25,Cundinamarca,2001,"1,820,848"
25,Cundinamarca,2002,"1,836,523"
25,Cundinamarca,2003,"1,855,495"
25,Cundinamarca,2004,"1,877,914"
27,Chocó,1993,"285,998"
27,Chocó,1994,"294,332"
27,Chocó,1995,"302,720"
27,Chocó,1996,"311,225"
27,Chocó,1997,"319,960"
27,Chocó,1998,"329,044"
27,Chocó,1999,"338,493"
27,Chocó,2000,"348,270"
27,Chocó,2001,"358,373"
27,Chocó,2002,"368,818"
27,Chocó,2003,"379,651"
27,Chocó,2004,"390,932"
41,Huila,1993,"786,467"
41,Huila,1994,"800,369"
41,Huila,1995,"814,226"
41,Huila,1996,"827,965"
41,Huila,1997,"841,564"
41,Huila,1998,"854,992"
41,Huila,1999,"868,201"
41,Huila,2000,"881,125"
41,Huila,2001,"893,735"
41,Huila,2002,"906,072"
41,Huila,2003,"918,198"
41,Huila,2004,"930,198"
44,La Guajira,1993,"480,168"
44,La Guajira,1994,"492,242"
44,La Guajira,1995,"504,634"
44,La Guajira,1996,"517,352"
44,La Guajira,1997,"530,456"
44,La Guajira,1998,"544,002"
44,La Guajira,1999,"557,993"
44,La Guajira,2000,"572,422"
44,La Guajira,2001,"587,253"
44,La Guajira,2002,"602,182"
44,La Guajira,2003,"617,010"
44,La Guajira,2004,"631,693"
47,Magdalena,1993,"906,779"
47,Magdalena,1994,"920,982"
47,Magdalena,1995,"935,399"
47,Magdalena,1996,"950,076"
47,Magdalena,1997,"965,075"
47,Magdalena,1998,"980,446"
47,Magdalena,1999,"996,210"
47,Magdalena,2000,"1,012,346"
47,Magdalena,2001,"1,028,811"
47,Magdalena,2002,"1,045,572"
47,Magdalena,2003,"1,062,649"
47,Magdalena,2004,"1,080,076"
50,Meta,1993,"546,686"
50,Meta,1994,"566,302"
50,Meta,1995,"586,172"
50,Meta,1996,"606,254"
50,Meta,1997,"626,541"
50,Meta,1998,"647,030"
50,Meta,1999,"667,684"
50,Meta,2000,"688,419"
50,Meta,2001,"709,212"
50,Meta,2002,"730,069"
50,Meta,2003,"751,036"
50,Meta,2004,"772,192"
52,Nariño,1993,"1,312,189"
52,Nariño,1994,"1,330,283"
52,Nariño,1995,"1,348,583"
52,Nariño,1996,"1,366,907"
52,Nariño,1997,"1,385,075"
52,Nariño,1998,"1,402,894"
52,Nariño,1999,"1,420,228"
52,Nariño,2000,"1,436,872"
52,Nariño,2001,"1,452,713"
52,Nariño,2002,"1,467,795"
52,Nariño,2003,"1,482,363"
52,Nariño,2004,"1,496,726"
54,Norte de Santander,1993,"1,084,628"
54,Norte de Santander,1994,"1,105,462"
54,Norte de Santander,1995,"1,125,919"
54,Norte de Santander,1996,"1,145,962"
54,Norte de Santander,1997,"1,165,505"
54,Norte de Santander,1998,"1,184,424"
54,Norte de Santander,1999,"1,202,655"
54,Norte de Santander,2000,"1,220,099"
54,Norte de Santander,2001,"1,236,732"
54,Norte de Santander,2002,"1,252,638"
54,Norte de Santander,2003,"1,268,004"
54,Norte de Santander,2004,"1,283,002"
63,Quindio,1993,"477,438"
63,Quindio,1994,"481,802"
63,Quindio,1995,"486,126"
63,Quindio,1996,"490,303"
63,Quindio,1997,"494,232"
63,Quindio,1998,"497,813"
63,Quindio,1999,"500,989"
63,Quindio,2000,"503,667"
63,Quindio,2001,"505,808"
63,Quindio,2002,"507,466"
63,Quindio,2003,"508,808"
63,Quindio,2004,"510,019"
66,Risaralda,1993,"775,112"
66,Risaralda,1994,"787,003"
66,Risaralda,1995,"798,662"
66,Risaralda,1996,"809,909"
66,Risaralda,1997,"820,594"
66,Risaralda,1998,"830,512"
66,Risaralda,1999,"839,612"
66,Risaralda,2000,"847,747"
66,Risaralda,2001,"854,846"
66,Risaralda,2002,"861,038"
66,Risaralda,2003,"866,728"
66,Risaralda,2004,"872,340"
68,Santander,1993,"1,582,988"
68,Santander,1994,"1,609,375"
68,Santander,1995,"1,636,065"
68,Santander,1996,"1,662,955"
68,Santander,1997,"1,689,697"
68,Santander,1998,"1,715,927"
68,Santander,1999,"1,741,504"
68,Santander,2000,"1,766,322"
68,Santander,2001,"1,790,338"
68,Santander,2002,"1,813,722"
68,Santander,2003,"1,836,764"
68,Santander,2004,"1,859,665"
70,Sucre,1993,"671,156"
70,Sucre,1994,"681,130"
70,Sucre,1995,"690,851"
70,Sucre,1996,"700,342"
70,Sucre,1997,"709,721"
70,Sucre,1998,"719,121"
70,Sucre,1999,"728,579"
70,Sucre,2000,"738,069"
70,Sucre,2001,"747,556"
70,Sucre,2002,"756,956"
70,Sucre,2003,"766,160"
70,Sucre,2004,"775,124"
73,Tolima,1993,"1,244,218"
73,Tolima,1994,"1,251,226"
73,Tolima,1995,"1,257,944"
73,Tolima,1996,"1,264,350"
73,Tolima,1997,"1,270,532"
73,Tolima,1998,"1,276,542"
73,Tolima,1999,"1,282,326"
73,Tolima,2000,"1,287,782"
73,Tolima,2001,"1,292,815"
73,Tolima,2002,"1,297,217"
73,Tolima,2003,"1,300,806"
73,Tolima,2004,"1,303,498"
76,Valle del Cauca,1993,"3,764,757"
76,Valle del Cauca,1994,"3,811,604"
76,Valle del Cauca,1995,"3,857,556"
76,Valle del Cauca,1996,"3,902,219"
76,Valle del Cauca,1997,"3,945,170"
76,Valle del Cauca,1998,"3,985,847"
76,Valle del Cauca,1999,"4,024,108"
76,Valle del Cauca,2000,"4,059,339"
76,Valle del Cauca,2001,"4,091,230"
76,Valle del Cauca,2002,"4,120,344"
76,Valle del Cauca,2003,"4,148,271"
76,Valle del Cauca,2004,"4,176,734"
81,Arauca,1993,"195,445"
81,Arauca,1994,"198,593"
81,Arauca,1995,"201,607"
81,Arauca,1996,"204,462"
81,Arauca,1997,"207,149"
81,Arauca,1998,"209,654"
81,Arauca,1999,"211,963"
81,Arauca,2000,"214,048"
81,Arauca,2001,"215,899"
81,Arauca,2002,"217,509"
81,Arauca,2003,"218,903"
81,Arauca,2004,"220,115"
85,Casanare,1993,"239,172"
85,Casanare,1994,"245,938"
85,Casanare,1995,"252,791"
85,Casanare,1996,"259,749"
85,Casanare,1997,"266,815"
85,Casanare,1998,"273,971"
85,Casanare,1999,"281,194"
85,Casanare,2000,"288,447"
85,Casanare,2001,"295,715"
85,Casanare,2002,"303,003"
85,Casanare,2003,"310,315"
85,Casanare,2004,"317,671"
86,Putumayo,1993,"184,865"
86,Putumayo,1994,"191,484"
86,Putumayo,1995,"198,295"
86,Putumayo,1996,"205,252"
86,Putumayo,1997,"212,297"
86,Putumayo,1998,"219,369"
86,Putumayo,1999,"226,408"
86,Putumayo,2000,"233,360"
86,Putumayo,2001,"240,181"
86,Putumayo,2002,"246,855"
86,Putumayo,2003,"253,401"
86,Putumayo,2004,"259,859"
88,Archipiélago de San Andrés,1993,"55,138"
88,Archipiélago de San Andrés,1994,"56,381"
88,Archipiélago de San Andrés,1995,"57,478"
88,Archipiélago de San Andrés,1996,"58,437"
88,Archipiélago de San Andrés,1997,"59,263"
88,Archipiélago de San Andrés,1998,"59,980"
88,Archipiélago de San Andrés,1999,"60,607"
88,Archipiélago de San Andrés,2000,"61,132"
88,Archipiélago de San Andrés,2001,"61,547"
88,Archipiélago de San Andrés,2002,"61,843"
88,Archipiélago de San Andrés,2003,"62,040"
88,Archipiélago de San Andrés,2004,"62,162"
91,Amazonas,1993,"44,728"
91,Amazonas,1994,"46,110"
91,Amazonas,1995,"47,455"
91,Amazonas,1996,"48,766"
91,Amazonas,1997,"50,052"
91,Amazonas,1998,"51,297"
91,Amazonas,1999,"52,518"
91,Amazonas,2000,"53,725"
91,Amazonas,2001,"54,911"
91,Amazonas,2002,"56,082"
91,Amazonas,2003,"57,244"
91,Amazonas,2004,"58,414"
94,Guainía,1993,"19,664"
94,Guainía,1994,"20,299"
94,Guainía,1995,"20,989"
94,Guainía,1996,"21,742"
94,Guainía,1997,"22,559"
94,Guainía,1998,"23,435"
94,Guainía,1999,"24,359"
94,Guainía,2000,"25,335"
94,Guainía,2001,"26,365"
94,Guainía,2002,"27,426"
94,Guainía,2003,"28,509"
94,Guainía,2004,"29,613"
95,Guaviare,1993,"60,031"
95,Guaviare,1994,"62,090"
95,Guaviare,1995,"64,045"
95,Guaviare,1996,"65,860"
95,Guaviare,1997,"67,518"
95,Guaviare,1998,"69,013"
95,Guaviare,1999,"70,329"
95,Guaviare,2000,"71,447"
95,Guaviare,2001,"72,343"
95,Guaviare,2002,"73,006"
95,Guaviare,2003,"73,442"
95,Guaviare,2004,"73,635"
97,Vaupés,1993,"15,420"
97,Vaupés,1994,"15,916"
97,Vaupés,1995,"16,429"
97,Vaupés,1996,"16,962"
97,Vaupés,1997,"17,553"
97,Vaupés,1998,"18,227"
97,Vaupés,1999,"18,997"
97,Vaupés,2000,"19,875"
97,Vaupés,2001,"20,850"
97,Vaupés,2002,"21,914"
97,Vaupés,2003,"23,047"
97,Vaupés,2004,"24,236"
99,Vichada,1993,"52,950"
99,Vichada,1994,"54,599"
99,Vichada,1995,"56,338"
99,Vichada,1996,"58,173"
99,Vichada,1997,"60,087"
99,Vichada,1998,"62,099"
99,Vichada,1999,"64,195"
99,Vichada,2000,"66,332"
99,Vichada,2001,"68,523"
99,Vichada,2002,"70,763"
99,Vichada,2003,"73,034"
99,Vichada,2004,"75,328"
05,Antioquia,2005,"5,460,843"
05,Antioquia,2006,"5,528,121"
05,Antioquia,2007,"5,595,180"
05,Antioquia,2008,"5,662,099"
05,Antioquia,2009,"5,730,377"
05,Antioquia,2010,"5,800,160"
05,Antioquia,2011,"5,869,191"
05,Antioquia,2012,"5,935,916"
05,Antioquia,2013,"6,001,151"
05,Antioquia,2014,"6,066,806"
05,Antioquia,2015,"6,134,953"
05,Antioquia,2016,"6,211,312"
05,Antioquia,2017,"6,296,843"
08,Atlántico,2005,"2,114,136"
08,Atlántico,2006,"2,144,799"
08,Atlántico,2007,"2,174,988"
08,Atlántico,2008,"2,204,364"
08,Atlántico,2009,"2,233,274"
08,Atlántico,2010,"2,261,656"
08,Atlántico,2011,"2,288,947"
08,Atlántico,2012,"2,315,361"
08,Atlántico,2013,"2,341,335"
08,Atlántico,2014,"2,366,899"
08,Atlántico,2015,"2,393,557"
08,Atlántico,2016,"2,427,046"
08,Atlántico,2017,"2,468,429"
11,"Bogotá, D.C.",2005,"6,710,910"
11,"Bogotá, D.C.",2006,"6,801,343"
11,"Bogotá, D.C.",2007,"6,884,569"
11,"Bogotá, D.C.",2008,"6,960,512"
11,"Bogotá, D.C.",2009,"7,031,399"
11,"Bogotá, D.C.",2010,"7,096,886"
11,"Bogotá, D.C.",2011,"7,152,656"
11,"Bogotá, D.C.",2012,"7,195,980"
11,"Bogotá, D.C.",2013,"7,228,427"
11,"Bogotá, D.C.",2014,"7,252,949"
11,"Bogotá, D.C.",2015,"7,273,265"
11,"Bogotá, D.C.",2016,"7,300,918"
11,"Bogotá, D.C.",2017,"7,337,449"
13,Bolívar,2005,"1,799,794"
13,Bolívar,2006,"1,823,338"
13,Bolívar,2007,"1,845,963"
13,Bolívar,2008,"1,867,503"
13,Bolívar,2009,"1,888,156"
13,Bolívar,2010,"1,907,930"
13,Bolívar,2011,"1,926,597"
13,Bolívar,2012,"1,944,299"
13,Bolívar,2013,"1,961,250"
13,Bolívar,2014,"1,977,478"
13,Bolívar,2015,"1,993,760"
13,Bolívar,2016,"2,013,010"
13,Bolívar,2017,"2,035,711"
15,Boyacá,2005,"1,140,665"
15,Boyacá,2006,"1,145,225"
15,Boyacá,2007,"1,149,909"
15,Boyacá,2008,"1,154,747"
15,Boyacá,2009,"1,159,850"
15,Boyacá,2010,"1,165,204"
15,Boyacá,2011,"1,170,640"
15,Boyacá,2012,"1,176,069"
15,Boyacá,2013,"1,181,580"
15,Boyacá,2014,"1,187,249"
15,Boyacá,2015,"1,193,206"
15,Boyacá,2016,"1,199,978"
15,Boyacá,2017,"1,207,665"
17,Caldas,2005,"996,434"
17,Caldas,2006,"993,337"
17,Caldas,2007,"990,445"
17,Caldas,2008,"987,759"
17,Caldas,2009,"985,640"
17,Caldas,2010,"984,304"
17,Caldas,2011,"983,498"
17,Caldas,2012,"982,904"
17,Caldas,2013,"982,563"
17,Caldas,2014,"982,933"
17,Caldas,2015,"984,360"
17,Caldas,2016,"987,214"
17,Caldas,2017,"991,363"
18,Caquetá,2005,"379,273"
18,Caquetá,2006,"381,752"
18,Caquetá,2007,"384,137"
18,Caquetá,2008,"386,392"
18,Caquetá,2009,"388,552"
18,Caquetá,2010,"390,645"
18,Caquetá,2011,"392,611"
18,Caquetá,2012,"394,379"
18,Caquetá,2013,"395,947"
18,Caquetá,2014,"397,383"
18,Caquetá,2015,"398,725"
18,Caquetá,2016,"399,983"
18,Caquetá,2017,"401,099"
19,Cauca,2005,"1,281,052"
19,Cauca,2006,"1,296,243"
19,Cauca,2007,"1,310,940"
19,Cauca,2008,"1,325,083"
19,Cauca,2009,"1,339,006"
19,Cauca,2010,"1,352,942"
19,Cauca,2011,"1,366,758"
19,Cauca,2012,"1,380,257"
19,Cauca,2013,"1,393,465"
19,Cauca,2014,"1,406,735"
19,Cauca,2015,"1,420,313"
19,Cauca,2016,"1,434,395"
19,Cauca,2017,"1,448,837"
20,Cesar,2005,"948,747"
20,Cesar,2006,"963,336"
20,Cesar,2007,"978,523"
20,Cesar,2008,"994,256"
20,Cesar,2009,"1,010,507"
20,Cesar,2010,"1,027,089"
20,Cesar,2011,"1,043,754"
20,Cesar,2012,"1,060,658"
20,Cesar,2013,"1,078,033"
20,Cesar,2014,"1,095,719"
20,Cesar,2015,"1,114,269"
20,Cesar,2016,"1,136,299"
20,Cesar,2017,"1,162,415"
23,Córdoba,2005,"1,539,313"
23,Córdoba,2006,"1,559,603"
23,Córdoba,2007,"1,579,557"
23,Córdoba,2008,"1,599,129"
23,Córdoba,2009,"1,618,376"
23,Córdoba,2010,"1,637,310"
23,Córdoba,2011,"1,655,818"
23,Córdoba,2012,"1,673,891"
23,Córdoba,2013,"1,691,609"
23,Córdoba,2014,"1,709,003"
23,Córdoba,2015,"1,726,287"
23,Córdoba,2016,"1,744,254"
23,Córdoba,2017,"1,763,053"
25,Cundinamarca,2005,"1,903,495"
25,Cundinamarca,2006,"1,936,056"
25,Cundinamarca,2007,"1,975,124"
25,Cundinamarca,2008,"2,021,042"
25,Cundinamarca,2009,"2,074,250"
25,Cundinamarca,2010,"2,134,776"
25,Cundinamarca,2011,"2,202,092"
25,Cundinamarca,2012,"2,276,097"
25,Cundinamarca,2013,"2,357,339"
25,Cundinamarca,2014,"2,446,138"
25,Cundinamarca,2015,"2,543,338"
25,Cundinamarca,2016,"2,652,076"
25,Cundinamarca,2017,"2,773,285"
27,Chocó,2005,"402,709"
27,Chocó,2006,"414,483"
27,Chocó,2007,"426,077"
27,Chocó,2008,"437,434"
27,Chocó,2009,"448,554"
27,Chocó,2010,"459,453"
27,Chocó,2011,"470,087"
27,Chocó,2012,"480,391"
27,Chocó,2013,"490,338"
27,Chocó,2014,"499,946"
27,Chocó,2015,"509,240"
27,Chocó,2016,"518,234"
27,Chocó,2017,"526,888"
41,Huila,2005,"941,763"
41,Huila,2006,"953,776"
41,Huila,2007,"965,725"
41,Huila,2008,"977,528"
41,Huila,2009,"989,375"
41,Huila,2010,"1,001,372"
41,Huila,2011,"1,013,418"
41,Huila,2012,"1,025,384"
41,Huila,2013,"1,037,252"
41,Huila,2014,"1,049,215"
41,Huila,2015,"1,061,405"
41,Huila,2016,"1,073,916"
41,Huila,2017,"1,086,654"
44,La Guajira,2005,"645,718"
44,La Guajira,2006,"660,570"
44,La Guajira,2007,"675,638"
44,La Guajira,2008,"691,093"
44,La Guajira,2009,"706,943"
44,La Guajira,2010,"722,913"
44,La Guajira,2011,"738,743"
44,La Guajira,2012,"754,574"
44,La Guajira,2013,"770,616"
44,La Guajira,2014,"786,618"
44,La Guajira,2015,"803,092"
44,La Guajira,2016,"822,700"
44,La Guajira,2017,"846,012"
47,Magdalena,2005,"1,097,751"
47,Magdalena,2006,"1,116,037"
47,Magdalena,2007,"1,134,297"
47,Magdalena,2008,"1,152,422"
47,Magdalena,2009,"1,170,386"
47,Magdalena,2010,"1,188,000"
47,Magdalena,2011,"1,204,977"
47,Magdalena,2012,"1,221,419"
47,Magdalena,2013,"1,237,543"
47,Magdalena,2014,"1,253,211"
47,Magdalena,2015,"1,268,980"
47,Magdalena,2016,"1,287,462"
47,Magdalena,2017,"1,309,259"
50,Meta,2005,"793,921"
50,Meta,2006,"815,191"
50,Meta,2007,"836,039"
50,Meta,2008,"856,385"
50,Meta,2009,"876,363"
50,Meta,2010,"896,034"
50,Meta,2011,"915,277"
50,Meta,2012,"933,966"
50,Meta,2013,"952,101"
50,Meta,2014,"969,808"
50,Meta,2015,"987,232"
50,Meta,2016,"1,004,633"
50,Meta,2017,"1,021,943"
52,Nariño,2005,"1,510,454"
52,Nariño,2006,"1,525,110"
52,Nariño,2007,"1,538,254"
52,Nariño,2008,"1,549,573"
52,Nariño,2009,"1,559,747"
52,Nariño,2010,"1,569,413"
52,Nariño,2011,"1,578,559"
52,Nariño,2012,"1,586,945"
52,Nariño,2013,"1,594,354"
52,Nariño,2014,"1,601,466"
52,Nariño,2015,"1,608,726"
52,Nariño,2016,"1,615,767"
52,Nariño,2017,"1,621,984"
54,Norte de Santander,2005,"1,297,649"
54,Norte de Santander,2006,"1,312,357"
54,Norte de Santander,2007,"1,326,434"
54,Norte de Santander,2008,"1,339,682"
54,Norte de Santander,2009,"1,352,231"
54,Norte de Santander,2010,"1,363,889"
54,Norte de Santander,2011,"1,374,254"
54,Norte de Santander,2012,"1,383,705"
54,Norte de Santander,2013,"1,392,708"
54,Norte de Santander,2014,"1,401,015"
54,Norte de Santander,2015,"1,409,900"
54,Norte de Santander,2016,"1,424,761"
54,Norte de Santander,2017,"1,446,748"
63,Quindio,2005,"511,181"
63,Quindio,2006,"512,589"
63,Quindio,2007,"513,802"
63,Quindio,2008,"514,725"
63,Quindio,2009,"515,805"
63,Quindio,2010,"517,347"
63,Quindio,2011,"519,089"
63,Quindio,2012,"520,697"
63,Quindio,2013,"522,157"
63,Quindio,2014,"523,970"
63,Quindio,2015,"526,484"
63,Quindio,2016,"529,891"
63,Quindio,2017,"533,966"
66,Risaralda,2005,"877,974"
66,Risaralda,2006,"884,021"
66,Risaralda,2007,"889,400"
66,Risaralda,2008,"893,797"
66,Risaralda,2009,"898,126"
66,Risaralda,2010,"902,994"
66,Risaralda,2011,"907,896"
66,Risaralda,2012,"912,087"
66,Risaralda,2013,"915,413"
66,Risaralda,2014,"918,965"
66,Risaralda,2015,"923,443"
66,Risaralda,2016,"929,046"
66,Risaralda,2017,"935,164"
68,Santander,2005,"1,882,375"
68,Santander,2006,"1,905,930"
68,Santander,2007,"1,929,120"
68,Santander,2008,"1,951,797"
68,Santander,2009,"1,974,226"
68,Santander,2010,"1,996,352"
68,Santander,2011,"2,017,680"
68,Santander,2012,"2,038,122"
68,Santander,2013,"2,057,952"
68,Santander,2014,"2,077,348"
68,Santander,2015,"2,097,069"
68,Santander,2016,"2,119,954"
68,Santander,2017,"2,146,496"
70,Sucre,2005,"783,535"
70,Sucre,2006,"792,200"
70,Sucre,2007,"800,848"
70,Sucre,2008,"809,414"
70,Sucre,2009,"817,937"
70,Sucre,2010,"826,411"
70,Sucre,2011,"834,736"
70,Sucre,2012,"842,950"
70,Sucre,2013,"851,157"
70,Sucre,2014,"859,324"
70,Sucre,2015,"867,701"
70,Sucre,2016,"877,397"
70,Sucre,2017,"888,638"
73,Tolima,2005,"1,304,216"
73,Tolima,2006,"1,306,185"
73,Tolima,2007,"1,307,950"
73,Tolima,2008,"1,309,513"
73,Tolima,2009,"1,311,076"
73,Tolima,2010,"1,312,768"
73,Tolima,2011,"1,314,479"
73,Tolima,2012,"1,316,054"
73,Tolima,2013,"1,317,507"
73,Tolima,2014,"1,319,060"
73,Tolima,2015,"1,320,911"
73,Tolima,2016,"1,323,323"
73,Tolima,2017,"1,326,203"
76,Valle del Cauca,2005,"4,206,951"
76,Valle del Cauca,2006,"4,236,968"
76,Valle del Cauca,2007,"4,263,327"
76,Valle del Cauca,2008,"4,284,375"
76,Valle del Cauca,2009,"4,303,639"
76,Valle del Cauca,2010,"4,323,751"
76,Valle del Cauca,2011,"4,343,131"
76,Valle del Cauca,2012,"4,359,288"
76,Valle del Cauca,2013,"4,371,304"
76,Valle del Cauca,2014,"4,383,018"
76,Valle del Cauca,2015,"4,397,194"
76,Valle del Cauca,2016,"4,414,569"
76,Valle del Cauca,2017,"4,432,549"
81,Arauca,2005,"220,852"
81,Arauca,2006,"222,063"
81,Arauca,2007,"223,453"
81,Arauca,2008,"224,996"
81,Arauca,2009,"226,705"
81,Arauca,2010,"228,513"
81,Arauca,2011,"230,349"
81,Arauca,2012,"232,316"
81,Arauca,2013,"234,529"
81,Arauca,2014,"236,931"
81,Arauca,2015,"239,772"
81,Arauca,2016,"244,206"
81,Arauca,2017,"250,502"
85,Casanare,2005,"325,061"
85,Casanare,2006,"332,581"
85,Casanare,2007,"340,028"
85,Casanare,2008,"347,362"
85,Casanare,2009,"354,621"
85,Casanare,2010,"361,824"
85,Casanare,2011,"368,912"
85,Casanare,2012,"375,872"
85,Casanare,2013,"382,735"
85,Casanare,2014,"389,511"
85,Casanare,2015,"396,320"
85,Casanare,2016,"403,554"
85,Casanare,2017,"411,255"
86,Putumayo,2005,"266,274"
86,Putumayo,2006,"272,524"
86,Putumayo,2007,"278,737"
86,Putumayo,2008,"284,917"
86,Putumayo,2009,"291,199"
86,Putumayo,2010,"297,600"
86,Putumayo,2011,"303,929"
86,Putumayo,2012,"310,027"
86,Putumayo,2013,"315,941"
86,Putumayo,2014,"321,850"
86,Putumayo,2015,"327,856"
86,Putumayo,2016,"334,152"
86,Putumayo,2017,"340,750"
88,Archipiélago de San Andrés,2005,"62,120"
88,Archipiélago de San Andrés,2006,"62,086"
88,Archipiélago de San Andrés,2007,"62,040"
88,Archipiélago de San Andrés,2008,"61,971"
88,Archipiélago de San Andrés,2009,"61,875"
88,Archipiélago de San Andrés,2010,"61,787"
88,Archipiélago de San Andrés,2011,"61,711"
88,Archipiélago de San Andrés,2012,"61,633"
88,Archipiélago de San Andrés,2013,"61,543"
88,Archipiélago de San Andrés,2014,"61,463"
88,Archipiélago de San Andrés,2015,"61,406"
88,Archipiélago de San Andrés,2016,"61,358"
88,Archipiélago de San Andrés,2017,"61,309"
91,Amazonas,2005,"59,580"
91,Amazonas,2006,"60,784"
91,Amazonas,2007,"62,028"
91,Amazonas,2008,"63,291"
91,Amazonas,2009,"64,616"
91,Amazonas,2010,"65,991"
91,Amazonas,2011,"67,361"
91,Amazonas,2012,"68,681"
91,Amazonas,2013,"69,953"
91,Amazonas,2014,"71,215"
91,Amazonas,2015,"72,485"
91,Amazonas,2016,"73,790"
91,Amazonas,2017,"75,104"
94,Guainía,2005,"30,731"
94,Guainía,2006,"31,881"
94,Guainía,2007,"33,073"
94,Guainía,2008,"34,294"
94,Guainía,2009,"35,534"
94,Guainía,2010,"36,793"
94,Guainía,2011,"38,072"
94,Guainía,2012,"39,354"
94,Guainía,2013,"40,638"
94,Guainía,2014,"41,946"
94,Guainía,2015,"43,291"
94,Guainía,2016,"44,722"
94,Guainía,2017,"46,250"
95,Guaviare,2005,"73,296"
95,Guaviare,2006,"73,001"
95,Guaviare,2007,"72,829"
95,Guaviare,2008,"72,786"
95,Guaviare,2009,"72,900"
95,Guaviare,2010,"73,194"
95,Guaviare,2011,"73,652"
95,Guaviare,2012,"74,281"
95,Guaviare,2013,"75,092"
95,Guaviare,2014,"76,101"
95,Guaviare,2015,"77,328"
95,Guaviare,2016,"78,796"
95,Guaviare,2017,"80,507"
97,Vaupés,2005,"25,461"
97,Vaupés,2006,"26,658"
97,Vaupés,2007,"27,881"
97,Vaupés,2008,"29,123"
97,Vaupés,2009,"30,394"
97,Vaupés,2010,"31,677"
97,Vaupés,2011,"32,940"
97,Vaupés,2012,"34,165"
97,Vaupés,2013,"35,353"
97,Vaupés,2014,"36,509"
97,Vaupés,2015,"37,638"
97,Vaupés,2016,"38,737"
97,Vaupés,2017,"39,811"
99,Vichada,2005,"77,644"
99,Vichada,2006,"79,978"
99,Vichada,2007,"82,315"
99,Vichada,2008,"84,653"
99,Vichada,2009,"86,991"
99,Vichada,2010,"89,314"
99,Vichada,2011,"91,602"
99,Vichada,2012,"93,849"
99,Vichada,2013,"96,057"
99,Vichada,2014,"98,228"
99,Vichada,2015,"100,392"
99,Vichada,2016,"102,663"
99,Vichada,2017,"105,059"
05,Antioquia,2018,"6,407,102"
08,Atlántico,2018,"2,535,517"
11,"Bogotá, D.C.",2018,"7,412,566"
13,Bolívar,2018,"2,070,110"
15,Boyacá,2018,"1,217,376"
17,Caldas,2018,"998,255"
18,Caquetá,2018,"401,849"
19,Cauca,2018,"1,464,488"
20,Cesar,2018,"1,200,574"
23,Córdoba,2018,"1,784,783"
25,Cundinamarca,2018,"2,919,060"
27,Chocó,2018,"534,826"
41,Huila,2018,"1,100,386"
44,La Guajira,2018,"880,560"
47,Magdalena,2018,"1,341,746"
50,Meta,2018,"1,039,722"
52,Nariño,2018,"1,630,592"
54,Norte de Santander,2018,"1,491,689"
63,Quindio,2018,"539,904"
66,Risaralda,2018,"943,401"
68,Santander,2018,"2,184,837"
70,Sucre,2018,"904,863"
73,Tolima,2018,"1,330,187"
76,Valle del Cauca,2018,"4,475,886"
81,Arauca,2018,"262,174"
85,Casanare,2018,"420,504"
86,Putumayo,2018,"348,182"
88,Archipiélago de San Andrés,2018,"61,280"
91,Amazonas,2018,"76,589"
94,Guainía,2018,"48,114"
95,Guaviare,2018,"82,767"
97,Vaupés,2018,"40,797"
99,Vichada,2018,"107,808"
05,Antioquia,2019,"6,550,206"
08,Atlántico,2019,"2,638,151"
11,"Bogotá, D.C.",2019,"7,592,871"
13,Bolívar,2019,"2,130,512"
15,Boyacá,2019,"1,230,910"
17,Caldas,2019,"1,008,344"
18,Caquetá,2019,"406,142"
19,Cauca,2019,"1,478,407"
20,Cesar,2019,"1,252,398"
23,Córdoba,2019,"1,808,439"
25,Cundinamarca,2019,"3,085,522"
27,Chocó,2019,"539,933"
41,Huila,2019,"1,111,844"
44,La Guajira,2019,"927,506"
47,Magdalena,2019,"1,388,832"
50,Meta,2019,"1,052,125"
52,Nariño,2019,"1,628,981"
54,Norte de Santander,2019,"1,565,362"
63,Quindio,2019,"547,855"
66,Risaralda,2019,"952,511"
68,Santander,2019,"2,237,587"
70,Sucre,2019,"928,984"
73,Tolima,2019,"1,335,313"
76,Valle del Cauca,2019,"4,506,768"
81,Arauca,2019,"280,109"
85,Casanare,2019,"428,563"
86,Putumayo,2019,"353,759"
88,Archipiélago de San Andrés,2019,"62,482"
91,Amazonas,2019,"77,753"
94,Guainía,2019,"49,473"
95,Guaviare,2019,"84,716"
97,Vaupés,2019,"42,721"
99,Vichada,2019,"110,599"
05,Antioquia,2020,"6,649,401"
05,Antioquia,2021,"6,726,219"
05,Antioquia,2022,"6,787,846"
05,Antioquia,2023,"6,848,360"
05,Antioquia,2024,"6,903,721"
05,Antioquia,2025,"6,951,825"
05,Antioquia,2026,"6,994,317"
05,Antioquia,2027,"7,033,395"
05,Antioquia,2028,"7,069,991"
05,Antioquia,2029,"7,104,885"
05,Antioquia,2030,"7,138,678"
05,Antioquia,2031,"7,171,276"
05,Antioquia,2032,"7,202,282"
05,Antioquia,2033,"7,231,629"
05,Antioquia,2034,"7,259,282"
05,Antioquia,2035,"7,285,210"
05,Antioquia,2036,"7,309,257"
05,Antioquia,2037,"7,331,280"
05,Antioquia,2038,"7,351,263"
05,Antioquia,2039,"7,369,211"
05,Antioquia,2040,"7,385,129"
05,Antioquia,2041,"7,399,045"
05,Antioquia,2042,"7,411,001"
05,Antioquia,2043,"7,421,042"
05,Antioquia,2044,"7,429,184"
05,Antioquia,2045,"7,435,448"
05,Antioquia,2046,"7,439,880"
05,Antioquia,2047,"7,442,534"
05,Antioquia,2048,"7,443,453"
05,Antioquia,2049,"7,442,657"
05,Antioquia,2050,"7,440,163"
08,Atlántico,2020,"2,693,665"
08,Atlántico,2021,"2,741,002"
08,Atlántico,2022,"2,774,958"
08,Atlántico,2023,"2,803,565"
08,Atlántico,2024,"2,827,124"
08,Atlántico,2025,"2,845,169"
08,Atlántico,2026,"2,859,139"
08,Atlántico,2027,"2,870,516"
08,Atlántico,2028,"2,880,205"
08,Atlántico,2029,"2,888,961"
08,Atlántico,2030,"2,897,423"
08,Atlántico,2031,"2,905,595"
08,Atlántico,2032,"2,913,165"
08,Atlántico,2033,"2,920,119"
08,Atlántico,2034,"2,926,477"
08,Atlántico,2035,"2,932,271"
08,Atlántico,2036,"2,937,348"
08,Atlántico,2037,"2,941,562"
08,Atlántico,2038,"2,944,931"
08,Atlántico,2039,"2,947,480"
08,Atlántico,2040,"2,949,193"
08,Atlántico,2041,"2,950,056"
08,Atlántico,2042,"2,950,092"
08,Atlántico,2043,"2,949,327"
08,Atlántico,2044,"2,947,768"
08,Atlántico,2045,"2,945,403"
08,Atlántico,2046,"2,942,251"
08,Atlántico,2047,"2,938,348"
08,Atlántico,2048,"2,933,690"
08,Atlántico,2049,"2,928,280"
08,Atlántico,2050,"2,922,132"
11,"Bogotá, D.C.",2020,"7,732,161"
11,"Bogotá, D.C.",2021,"7,823,334"
11,"Bogotá, D.C.",2022,"7,873,316"
11,"Bogotá, D.C.",2023,"7,907,281"
11,"Bogotá, D.C.",2024,"7,929,539"
11,"Bogotá, D.C.",2025,"7,937,898"
11,"Bogotá, D.C.",2026,"7,935,754"
11,"Bogotá, D.C.",2027,"7,927,891"
11,"Bogotá, D.C.",2028,"7,916,369"
11,"Bogotá, D.C.",2029,"7,902,910"
11,"Bogotá, D.C.",2030,"7,888,838"
11,"Bogotá, D.C.",2031,"7,874,103"
11,"Bogotá, D.C.",2032,"7,858,086"
11,"Bogotá, D.C.",2033,"7,840,757"
11,"Bogotá, D.C.",2034,"7,822,145"
11,"Bogotá, D.C.",2035,"7,802,297"
11,"Bogotá, D.C.",2036,"7,781,033"
11,"Bogotá, D.C.",2037,"7,758,141"
11,"Bogotá, D.C.",2038,"7,733,665"
11,"Bogotá, D.C.",2039,"7,707,627"
11,"Bogotá, D.C.",2040,"7,680,042"
11,"Bogotá, D.C.",2041,"7,650,959"
11,"Bogotá, D.C.",2042,"7,620,440"
11,"Bogotá, D.C.",2043,"7,588,563"
11,"Bogotá, D.C.",2044,"7,555,365"
11,"Bogotá, D.C.",2045,"7,520,887"
11,"Bogotá, D.C.",2046,"7,485,228"
11,"Bogotá, D.C.",2047,"7,448,480"
11,"Bogotá, D.C.",2048,"7,410,680"
11,"Bogotá, D.C.",2049,"7,371,877"
11,"Bogotá, D.C.",2050,"7,332,164"
13,Bolívar,2020,"2,169,294"
13,Bolívar,2021,"2,202,773"
13,Bolívar,2022,"2,227,184"
13,Bolívar,2023,"2,247,283"
13,Bolívar,2024,"2,264,523"
13,Bolívar,2025,"2,278,770"
13,Bolívar,2026,"2,290,738"
13,Bolívar,2027,"2,301,218"
13,Bolívar,2028,"2,310,637"
13,Bolívar,2029,"2,319,350"
13,Bolívar,2030,"2,327,716"
13,Bolívar,2031,"2,335,766"
13,Bolívar,2032,"2,343,305"
13,Bolívar,2033,"2,350,309"
13,Bolívar,2034,"2,356,808"
13,Bolívar,2035,"2,362,817"
13,Bolívar,2036,"2,368,242"
13,Bolívar,2037,"2,372,995"
13,Bolívar,2038,"2,377,090"
13,Bolívar,2039,"2,380,558"
13,Bolívar,2040,"2,383,373"
13,Bolívar,2041,"2,385,520"
13,Bolívar,2042,"2,387,029"
13,Bolívar,2043,"2,387,909"
13,Bolívar,2044,"2,388,144"
13,Bolívar,2045,"2,387,722"
13,Bolívar,2046,"2,386,664"
13,Bolívar,2047,"2,384,987"
13,Bolívar,2048,"2,382,683"
13,Bolívar,2049,"2,379,746"
13,Bolívar,2050,"2,376,170"
15,Boyacá,2020,"1,257,289"
15,Boyacá,2021,"1,271,639"
15,Boyacá,2022,"1,285,035"
15,Boyacá,2023,"1,298,800"
15,Boyacá,2024,"1,311,983"
15,Boyacá,2025,"1,324,122"
15,Boyacá,2026,"1,335,410"
15,Boyacá,2027,"1,346,164"
15,Boyacá,2028,"1,356,462"
15,Boyacá,2029,"1,366,379"
15,Boyacá,2030,"1,375,987"
15,Boyacá,2031,"1,385,308"
15,Boyacá,2032,"1,394,300"
15,Boyacá,2033,"1,402,933"
15,Boyacá,2034,"1,411,206"
15,Boyacá,2035,"1,419,117"
15,Boyacá,2036,"1,426,651"
15,Boyacá,2037,"1,433,789"
15,Boyacá,2038,"1,440,529"
15,Boyacá,2039,"1,446,876"
15,Boyacá,2040,"1,452,834"
15,Boyacá,2041,"1,458,399"
15,Boyacá,2042,"1,463,577"
15,Boyacá,2043,"1,468,365"
15,Boyacá,2044,"1,472,764"
15,Boyacá,2045,"1,476,767"
15,Boyacá,2046,"1,480,369"
15,Boyacá,2047,"1,483,587"
15,Boyacá,2048,"1,486,423"
15,Boyacá,2049,"1,488,871"
15,Boyacá,2050,"1,490,926"
17,Caldas,2020,"1,021,435"
17,Caldas,2021,"1,028,635"
17,Caldas,2022,"1,034,151"
17,Caldas,2023,"1,040,284"
17,Caldas,2024,"1,046,110"
17,Caldas,2025,"1,051,282"
17,Caldas,2026,"1,055,925"
17,Caldas,2027,"1,060,245"
17,Caldas,2028,"1,064,324"
17,Caldas,2029,"1,068,218"
17,Caldas,2030,"1,071,978"
17,Caldas,2031,"1,075,598"
17,Caldas,2032,"1,079,023"
17,Caldas,2033,"1,082,241"
17,Caldas,2034,"1,085,251"
17,Caldas,2035,"1,088,038"
17,Caldas,2036,"1,090,575"
17,Caldas,2037,"1,092,847"
17,Caldas,2038,"1,094,856"
17,Caldas,2039,"1,096,595"
17,Caldas,2040,"1,098,062"
17,Caldas,2041,"1,099,257"
17,Caldas,2042,"1,100,185"
17,Caldas,2043,"1,100,852"
17,Caldas,2044,"1,101,268"
17,Caldas,2045,"1,101,438"
17,Caldas,2046,"1,101,369"
17,Caldas,2047,"1,101,074"
17,Caldas,2048,"1,100,556"
17,Caldas,2049,"1,099,812"
17,Caldas,2050,"1,098,853"
18,Caquetá,2020,"413,688"
18,Caquetá,2021,"418,267"
18,Caquetá,2022,"421,797"
18,Caquetá,2023,"425,053"
18,Caquetá,2024,"428,162"
18,Caquetá,2025,"430,884"
18,Caquetá,2026,"433,247"
18,Caquetá,2027,"435,389"
18,Caquetá,2028,"437,326"
18,Caquetá,2029,"439,063"
18,Caquetá,2030,"440,624"
18,Caquetá,2031,"442,024"
18,Caquetá,2032,"443,258"
18,Caquetá,2033,"444,324"
18,Caquetá,2034,"445,219"
18,Caquetá,2035,"445,942"
18,Caquetá,2036,"446,498"
18,Caquetá,2037,"446,878"
18,Caquetá,2038,"447,076"
18,Caquetá,2039,"447,099"
18,Caquetá,2040,"446,952"
18,Caquetá,2041,"446,629"
18,Caquetá,2042,"446,137"
18,Caquetá,2043,"445,482"
18,Caquetá,2044,"444,663"
18,Caquetá,2045,"443,679"
18,Caquetá,2046,"442,531"
18,Caquetá,2047,"441,230"
18,Caquetá,2048,"439,779"
18,Caquetá,2049,"438,174"
18,Caquetá,2050,"436,416"
19,Cauca,2020,"1,508,061"
19,Cauca,2021,"1,525,284"
19,Cauca,2022,"1,541,265"
19,Cauca,2023,"1,558,045"
19,Cauca,2024,"1,574,506"
19,Cauca,2025,"1,590,171"
19,Cauca,2026,"1,605,145"
19,Cauca,2027,"1,619,668"
19,Cauca,2028,"1,633,787"
19,Cauca,2029,"1,647,548"
19,Cauca,2030,"1,660,974"
19,Cauca,2031,"1,674,056"
19,Cauca,2032,"1,686,763"
19,Cauca,2033,"1,699,087"
19,Cauca,2034,"1,711,018"
19,Cauca,2035,"1,722,536"
19,Cauca,2036,"1,733,619"
19,Cauca,2037,"1,744,245"
19,Cauca,2038,"1,754,418"
19,Cauca,2039,"1,764,126"
19,Cauca,2040,"1,773,345"
19,Cauca,2041,"1,782,087"
19,Cauca,2042,"1,790,362"
19,Cauca,2043,"1,798,162"
19,Cauca,2044,"1,805,489"
19,Cauca,2045,"1,812,341"
19,Cauca,2046,"1,818,727"
19,Cauca,2047,"1,824,649"
19,Cauca,2048,"1,830,107"
19,Cauca,2049,"1,835,097"
19,Cauca,2050,"1,839,610"
20,Cesar,2020,"1,290,919"
20,Cesar,2021,"1,322,378"
20,Cesar,2022,"1,349,162"
20,Cesar,2023,"1,373,581"
20,Cesar,2024,"1,395,486"
20,Cesar,2025,"1,414,859"
20,Cesar,2026,"1,432,338"
20,Cesar,2027,"1,448,553"
20,Cesar,2028,"1,463,878"
20,Cesar,2029,"1,478,632"
20,Cesar,2030,"1,493,117"
20,Cesar,2031,"1,507,362"
20,Cesar,2032,"1,521,233"
20,Cesar,2033,"1,534,715"
20,Cesar,2034,"1,547,817"
20,Cesar,2035,"1,560,560"
20,Cesar,2036,"1,572,887"
20,Cesar,2037,"1,584,725"
20,Cesar,2038,"1,596,081"
20,Cesar,2039,"1,606,977"
20,Cesar,2040,"1,617,399"
20,Cesar,2041,"1,627,346"
20,Cesar,2042,"1,636,840"
20,Cesar,2043,"1,645,891"
20,Cesar,2044,"1,654,484"
20,Cesar,2045,"1,662,605"
20,Cesar,2046,"1,670,272"
20,Cesar,2047,"1,677,498"
20,Cesar,2048,"1,684,267"
20,Cesar,2049,"1,690,576"
20,Cesar,2050,"1,696,420"
23,Córdoba,2020,"1,842,585"
23,Córdoba,2021,"1,864,336"
23,Córdoba,2022,"1,882,211"
23,Córdoba,2023,"1,898,911"
23,Córdoba,2024,"1,914,778"
23,Córdoba,2025,"1,929,336"
23,Córdoba,2026,"1,942,796"
23,Córdoba,2027,"1,955,480"
23,Córdoba,2028,"1,967,499"
23,Córdoba,2029,"1,978,933"
23,Córdoba,2030,"1,989,925"
23,Córdoba,2031,"2,000,514"
23,Córdoba,2032,"2,010,629"
23,Córdoba,2033,"2,020,243"
23,Córdoba,2034,"2,029,367"
23,Córdoba,2035,"2,038,014"
23,Córdoba,2036,"2,046,146"
23,Córdoba,2037,"2,053,721"
23,Córdoba,2038,"2,060,743"
23,Córdoba,2039,"2,067,216"
23,Córdoba,2040,"2,073,125"
23,Córdoba,2041,"2,078,467"
23,Córdoba,2042,"2,083,253"
23,Córdoba,2043,"2,087,494"
23,Córdoba,2044,"2,091,177"
23,Córdoba,2045,"2,094,291"
23,Córdoba,2046,"2,096,836"
23,Córdoba,2047,"2,098,816"
23,Córdoba,2048,"2,100,228"
23,Córdoba,2049,"2,101,073"
23,Córdoba,2050,"2,101,344"
25,Cundinamarca,2020,"3,147,954"
25,Cundinamarca,2021,"3,233,689"
25,Cundinamarca,2022,"3,334,637"
25,Cundinamarca,2023,"3,445,327"
25,Cundinamarca,2024,"3,553,293"
25,Cundinamarca,2025,"3,657,407"
25,Cundinamarca,2026,"3,758,429"
25,Cundinamarca,2027,"3,857,409"
25,Cundinamarca,2028,"3,954,740"
25,Cundinamarca,2029,"4,050,754"
25,Cundinamarca,2030,"4,145,742"
25,Cundinamarca,2031,"4,239,682"
25,Cundinamarca,2032,"4,332,356"
25,Cundinamarca,2033,"4,423,694"
25,Cundinamarca,2034,"4,513,666"
25,Cundinamarca,2035,"4,602,230"
25,Cundinamarca,2036,"4,689,286"
25,Cundinamarca,2037,"4,774,727"
25,Cundinamarca,2038,"4,858,513"
25,Cundinamarca,2039,"4,940,644"
25,Cundinamarca,2040,"5,021,084"
25,Cundinamarca,2041,"5,099,813"
25,Cundinamarca,2042,"5,176,847"
25,Cundinamarca,2043,"5,252,187"
25,Cundinamarca,2044,"5,325,805"
25,Cundinamarca,2045,"5,397,678"
25,Cundinamarca,2046,"5,467,812"
25,Cundinamarca,2047,"5,536,196"
25,Cundinamarca,2048,"5,602,809"
25,Cundinamarca,2049,"5,667,634"
25,Cundinamarca,2050,"5,730,649"
27,Chocó,2020,"562,387"
27,Chocó,2021,"573,848"
27,Chocó,2022,"584,521"
27,Chocó,2023,"595,138"
27,Chocó,2024,"605,478"
27,Chocó,2025,"615,082"
27,Chocó,2026,"624,040"
27,Chocó,2027,"632,664"
27,Chocó,2028,"640,967"
27,Chocó,2029,"648,973"
27,Chocó,2030,"656,715"
27,Chocó,2031,"664,246"
27,Chocó,2032,"671,570"
27,Chocó,2033,"678,659"
27,Chocó,2034,"685,516"
27,Chocó,2035,"692,147"
27,Chocó,2036,"698,551"
27,Chocó,2037,"704,730"
27,Chocó,2038,"710,689"
27,Chocó,2039,"716,433"
27,Chocó,2040,"721,948"
27,Chocó,2041,"727,230"
27,Chocó,2042,"732,288"
27,Chocó,2043,"737,127"
27,Chocó,2044,"741,733"
27,Chocó,2045,"746,105"
27,Chocó,2046,"750,250"
27,Chocó,2047,"754,176"
27,Chocó,2048,"757,875"
27,Chocó,2049,"761,350"
27,Chocó,2050,"764,599"
41,Huila,2020,"1,136,911"
41,Huila,2021,"1,151,211"
41,Huila,2022,"1,164,463"
41,Huila,2023,"1,178,453"
41,Huila,2024,"1,192,273"
41,Huila,2025,"1,205,318"
41,Huila,2026,"1,217,671"
41,Huila,2027,"1,229,533"
41,Huila,2028,"1,240,924"
41,Huila,2029,"1,251,857"
41,Huila,2030,"1,262,407"
41,Huila,2031,"1,272,618"
41,Huila,2032,"1,282,463"
41,Huila,2033,"1,291,926"
41,Huila,2034,"1,301,026"
41,Huila,2035,"1,309,775"
41,Huila,2036,"1,318,148"
41,Huila,2037,"1,326,117"
41,Huila,2038,"1,333,689"
41,Huila,2039,"1,340,889"
41,Huila,2040,"1,347,699"
41,Huila,2041,"1,354,105"
41,Huila,2042,"1,360,136"
41,Huila,2043,"1,365,807"
41,Huila,2044,"1,371,090"
41,Huila,2045,"1,375,984"
41,Huila,2046,"1,380,511"
41,Huila,2047,"1,384,672"
41,Huila,2048,"1,388,458"
41,Huila,2049,"1,391,865"
41,Huila,2050,"1,394,898"
44,La Guajira,2020,"964,067"
44,La Guajira,2021,"993,081"
44,La Guajira,2022,"1,017,121"
44,La Guajira,2023,"1,038,397"
44,La Guajira,2024,"1,057,252"
44,La Guajira,2025,"1,073,851"
44,La Guajira,2026,"1,088,803"
44,La Guajira,2027,"1,102,747"
44,La Guajira,2028,"1,116,062"
44,La Guajira,2029,"1,129,042"
44,La Guajira,2030,"1,141,997"
44,La Guajira,2031,"1,154,964"
44,La Guajira,2032,"1,167,793"
44,La Guajira,2033,"1,180,460"
44,La Guajira,2034,"1,192,973"
44,La Guajira,2035,"1,205,360"
44,La Guajira,2036,"1,217,550"
44,La Guajira,2037,"1,229,463"
44,La Guajira,2038,"1,241,112"
44,La Guajira,2039,"1,252,518"
44,La Guajira,2040,"1,263,663"
44,La Guajira,2041,"1,274,524"
44,La Guajira,2042,"1,285,123"
44,La Guajira,2043,"1,295,469"
44,La Guajira,2044,"1,305,550"
44,La Guajira,2045,"1,315,350"
44,La Guajira,2046,"1,324,876"
44,La Guajira,2047,"1,334,141"
44,La Guajira,2048,"1,343,136"
44,La Guajira,2049,"1,351,847"
44,La Guajira,2050,"1,360,264"
47,Magdalena,2020,"1,426,023"
47,Magdalena,2021,"1,454,154"
47,Magdalena,2022,"1,476,366"
47,Magdalena,2023,"1,496,163"
47,Magdalena,2024,"1,513,782"
47,Magdalena,2025,"1,529,038"
47,Magdalena,2026,"1,542,537"
47,Magdalena,2027,"1,554,867"
47,Magdalena,2028,"1,566,414"
47,Magdalena,2029,"1,577,497"
47,Magdalena,2030,"1,588,387"
47,Magdalena,2031,"1,599,095"
47,Magdalena,2032,"1,609,474"
47,Magdalena,2033,"1,619,485"
47,Magdalena,2034,"1,629,143"
47,Magdalena,2035,"1,638,460"
47,Magdalena,2036,"1,647,354"
47,Magdalena,2037,"1,655,757"
47,Magdalena,2038,"1,663,678"
47,Magdalena,2039,"1,671,143"
47,Magdalena,2040,"1,678,130"
47,Magdalena,2041,"1,684,630"
47,Magdalena,2042,"1,690,662"
47,Magdalena,2043,"1,696,227"
47,Magdalena,2044,"1,701,316"
47,Magdalena,2045,"1,705,923"
47,Magdalena,2046,"1,710,064"
47,Magdalena,2047,"1,713,751"
47,Magdalena,2048,"1,716,973"
47,Magdalena,2049,"1,719,728"
47,Magdalena,2050,"1,722,017"
50,Meta,2020,"1,082,032"
50,Meta,2021,"1,098,104"
50,Meta,2022,"1,113,810"
50,Meta,2023,"1,130,085"
50,Meta,2024,"1,145,766"
50,Meta,2025,"1,160,351"
50,Meta,2026,"1,174,004"
50,Meta,2027,"1,187,111"
50,Meta,2028,"1,199,729"
50,Meta,2029,"1,211,914"
50,Meta,2030,"1,223,735"
50,Meta,2031,"1,235,229"
50,Meta,2032,"1,246,374"
50,Meta,2033,"1,257,158"
50,Meta,2034,"1,267,576"
50,Meta,2035,"1,277,632"
50,Meta,2036,"1,287,321"
50,Meta,2037,"1,296,627"
50,Meta,2038,"1,305,561"
50,Meta,2039,"1,314,133"
50,Meta,2040,"1,322,326"
50,Meta,2041,"1,330,132"
50,Meta,2042,"1,337,574"
50,Meta,2043,"1,344,662"
50,Meta,2044,"1,351,378"
50,Meta,2045,"1,357,722"
50,Meta,2046,"1,363,702"
50,Meta,2047,"1,369,318"
50,Meta,2048,"1,374,571"
50,Meta,2049,"1,379,454"
50,Meta,2050,"1,383,966"
52,Nariño,2020,"1,665,454"
52,Nariño,2021,"1,678,786"
52,Nariño,2022,"1,689,002"
52,Nariño,2023,"1,699,570"
52,Nariño,2024,"1,709,890"
52,Nariño,2025,"1,719,281"
52,Nariño,2026,"1,727,849"
52,Nariño,2027,"1,735,944"
52,Nariño,2028,"1,743,602"
52,Nariño,2029,"1,750,836"
52,Nariño,2030,"1,757,685"
52,Nariño,2031,"1,764,166"
52,Nariño,2032,"1,770,245"
52,Nariño,2033,"1,775,921"
52,Nariño,2034,"1,781,195"
52,Nariño,2035,"1,786,054"
52,Nariño,2036,"1,790,478"
52,Nariño,2037,"1,794,455"
52,Nariño,2038,"1,797,994"
52,Nariño,2039,"1,801,089"
52,Nariño,2040,"1,803,737"
52,Nariño,2041,"1,805,948"
52,Nariño,2042,"1,807,723"
52,Nariño,2043,"1,809,061"
52,Nariño,2044,"1,809,964"
52,Nariño,2045,"1,810,426"
52,Nariño,2046,"1,810,446"
52,Nariño,2047,"1,810,038"
52,Nariño,2048,"1,809,194"
52,Nariño,2049,"1,807,910"
52,Nariño,2050,"1,806,176"
54,Norte de Santander,2020,"1,617,209"
54,Norte de Santander,2021,"1,654,341"
54,Norte de Santander,2022,"1,678,975"
54,Norte de Santander,2023,"1,696,740"
54,Norte de Santander,2024,"1,709,570"
54,Norte de Santander,2025,"1,717,992"
54,Norte de Santander,2026,"1,723,298"
54,Norte de Santander,2027,"1,726,730"
54,Norte de Santander,2028,"1,729,114"
54,Norte de Santander,2029,"1,731,144"
54,Norte de Santander,2030,"1,733,368"
54,Norte de Santander,2031,"1,735,737"
54,Norte de Santander,2032,"1,737,972"
54,Norte de Santander,2033,"1,740,057"
54,Norte de Santander,2034,"1,741,997"
54,Norte de Santander,2035,"1,743,800"
54,Norte de Santander,2036,"1,745,338"
54,Norte de Santander,2037,"1,746,489"
54,Norte de Santander,2038,"1,747,254"
54,Norte de Santander,2039,"1,747,648"
54,Norte de Santander,2040,"1,747,658"
54,Norte de Santander,2041,"1,747,270"
54,Norte de Santander,2042,"1,746,497"
54,Norte de Santander,2043,"1,745,352"
54,Norte de Santander,2044,"1,743,837"
54,Norte de Santander,2045,"1,741,938"
54,Norte de Santander,2046,"1,739,659"
54,Norte de Santander,2047,"1,737,011"
54,Norte de Santander,2048,"1,733,997"
54,Norte de Santander,2049,"1,730,610"
54,Norte de Santander,2050,"1,726,846"
63,Quindio,2020,"553,321"
63,Quindio,2021,"557,099"
63,Quindio,2022,"559,810"
63,Quindio,2023,"563,076"
63,Quindio,2024,"566,048"
63,Quindio,2025,"568,560"
63,Quindio,2026,"570,728"
63,Quindio,2027,"572,719"
63,Quindio,2028,"574,600"
63,Quindio,2029,"576,416"
63,Quindio,2030,"578,199"
63,Quindio,2031,"579,933"
63,Quindio,2032,"581,582"
63,Quindio,2033,"583,132"
63,Quindio,2034,"584,578"
63,Quindio,2035,"585,913"
63,Quindio,2036,"587,124"
63,Quindio,2037,"588,194"
63,Quindio,2038,"589,117"
63,Quindio,2039,"589,892"
63,Quindio,2040,"590,518"
63,Quindio,2041,"590,996"
63,Quindio,2042,"591,332"
63,Quindio,2043,"591,531"
63,Quindio,2044,"591,590"
63,Quindio,2045,"591,509"
63,Quindio,2046,"591,300"
63,Quindio,2047,"590,960"
63,Quindio,2048,"590,484"
63,Quindio,2049,"589,880"
63,Quindio,2050,"589,149"
66,Risaralda,2020,"962,779"
66,Risaralda,2021,"968,287"
66,Risaralda,2022,"970,138"
66,Risaralda,2023,"972,304"
66,Risaralda,2024,"973,879"
66,Risaralda,2025,"974,639"
66,Risaralda,2026,"974,793"
66,Risaralda,2027,"974,619"
66,Risaralda,2028,"974,243"
66,Risaralda,2029,"973,749"
66,Risaralda,2030,"973,213"
66,Risaralda,2031,"972,602"
66,Risaralda,2032,"971,845"
66,Risaralda,2033,"970,930"
66,Risaralda,2034,"969,844"
66,Risaralda,2035,"968,595"
66,Risaralda,2036,"967,143"
66,Risaralda,2037,"965,446"
66,Risaralda,2038,"963,509"
66,Risaralda,2039,"961,329"
66,Risaralda,2040,"958,903"
66,Risaralda,2041,"956,231"
66,Risaralda,2042,"953,322"
66,Risaralda,2043,"950,179"
66,Risaralda,2044,"946,795"
66,Risaralda,2045,"943,184"
66,Risaralda,2046,"939,356"
66,Risaralda,2047,"935,315"
66,Risaralda,2048,"931,064"
66,Risaralda,2049,"926,607"
66,Risaralda,2050,"921,956"
68,Santander,2020,"2,282,208"
68,Santander,2021,"2,312,097"
68,Santander,2022,"2,335,238"
68,Santander,2023,"2,357,127"
68,Santander,2024,"2,376,736"
68,Santander,2025,"2,393,214"
68,Santander,2026,"2,407,319"
68,Santander,2027,"2,419,986"
68,Santander,2028,"2,431,680"
68,Santander,2029,"2,442,780"
68,Santander,2030,"2,453,574"
68,Santander,2031,"2,464,050"
68,Santander,2032,"2,474,060"
68,Santander,2033,"2,483,583"
68,Santander,2034,"2,492,608"
68,Santander,2035,"2,501,133"
68,Santander,2036,"2,509,092"
68,Santander,2037,"2,516,402"
68,Santander,2038,"2,523,056"
68,Santander,2039,"2,529,066"
68,Santander,2040,"2,534,424"
68,Santander,2041,"2,539,122"
68,Santander,2042,"2,543,167"
68,Santander,2043,"2,546,569"
68,Santander,2044,"2,549,336"
68,Santander,2045,"2,551,452"
68,Santander,2046,"2,552,918"
68,Santander,2047,"2,553,750"
68,Santander,2048,"2,553,948"
68,Santander,2049,"2,553,514"
68,Santander,2050,"2,552,448"
70,Sucre,2020,"950,612"
70,Sucre,2021,"966,893"
70,Sucre,2022,"980,942"
70,Sucre,2023,"994,060"
70,Sucre,2024,"1,006,044"
70,Sucre,2025,"1,016,826"
70,Sucre,2026,"1,026,669"
70,Sucre,2027,"1,035,900"
70,Sucre,2028,"1,044,694"
70,Sucre,2029,"1,053,179"
70,Sucre,2030,"1,061,499"
70,Sucre,2031,"1,069,665"
70,Sucre,2032,"1,077,601"
70,Sucre,2033,"1,085,301"
70,Sucre,2034,"1,092,773"
70,Sucre,2035,"1,100,018"
70,Sucre,2036,"1,106,999"
70,Sucre,2037,"1,113,685"
70,Sucre,2038,"1,120,085"
70,Sucre,2039,"1,126,198"
70,Sucre,2040,"1,132,015"
70,Sucre,2041,"1,137,538"
70,Sucre,2042,"1,142,783"
70,Sucre,2043,"1,147,750"
70,Sucre,2044,"1,152,426"
70,Sucre,2045,"1,156,801"
70,Sucre,2046,"1,160,884"
70,Sucre,2047,"1,164,678"
70,Sucre,2048,"1,168,177"
70,Sucre,2049,"1,171,380"
70,Sucre,2050,"1,174,282"
73,Tolima,2020,"1,354,338"
73,Tolima,2021,"1,361,931"
73,Tolima,2022,"1,367,802"
73,Tolima,2023,"1,374,384"
73,Tolima,2024,"1,380,948"
73,Tolima,2025,"1,386,826"
73,Tolima,2026,"1,392,119"
73,Tolima,2027,"1,397,101"
73,Tolima,2028,"1,401,801"
73,Tolima,2029,"1,406,250"
73,Tolima,2030,"1,410,484"
73,Tolima,2031,"1,414,497"
73,Tolima,2032,"1,418,264"
73,Tolima,2033,"1,421,761"
73,Tolima,2034,"1,424,974"
73,Tolima,2035,"1,427,898"
73,Tolima,2036,"1,430,518"
73,Tolima,2037,"1,432,810"
73,Tolima,2038,"1,434,767"
73,Tolima,2039,"1,436,410"
73,Tolima,2040,"1,437,731"
73,Tolima,2041,"1,438,733"
73,Tolima,2042,"1,439,421"
73,Tolima,2043,"1,439,790"
73,Tolima,2044,"1,439,846"
73,Tolima,2045,"1,439,590"
73,Tolima,2046,"1,439,030"
73,Tolima,2047,"1,438,161"
73,Tolima,2048,"1,436,969"
73,Tolima,2049,"1,435,469"
73,Tolima,2050,"1,433,661"
76,Valle del Cauca,2020,"4,582,377"
76,Valle del Cauca,2021,"4,613,764"
76,Valle del Cauca,2022,"4,626,064"
76,Valle del Cauca,2023,"4,638,029"
76,Valle del Cauca,2024,"4,647,367"
76,Valle del Cauca,2025,"4,652,512"
76,Valle del Cauca,2026,"4,654,435"
76,Valle del Cauca,2027,"4,654,497"
76,Valle del Cauca,2028,"4,653,224"
76,Valle del Cauca,2029,"4,651,039"
76,Valle del Cauca,2030,"4,648,344"
76,Valle del Cauca,2031,"4,645,052"
76,Valle del Cauca,2032,"4,640,827"
76,Valle del Cauca,2033,"4,635,623"
76,Valle del Cauca,2034,"4,629,457"
76,Valle del Cauca,2035,"4,622,334"
76,Valle del Cauca,2036,"4,614,095"
76,Valle del Cauca,2037,"4,604,584"
76,Valle del Cauca,2038,"4,593,796"
76,Valle del Cauca,2039,"4,581,744"
76,Valle del Cauca,2040,"4,568,409"
76,Valle del Cauca,2041,"4,553,785"
76,Valle del Cauca,2042,"4,537,908"
76,Valle del Cauca,2043,"4,520,802"
76,Valle del Cauca,2044,"4,502,469"
76,Valle del Cauca,2045,"4,482,916"
76,Valle del Cauca,2046,"4,462,183"
76,Valle del Cauca,2047,"4,440,324"
76,Valle del Cauca,2048,"4,417,360"
76,Valle del Cauca,2049,"4,393,312"
76,Valle del Cauca,2050,"4,368,211"
81,Arauca,2020,"291,252"
81,Arauca,2021,"300,637"
81,Arauca,2022,"307,628"
81,Arauca,2023,"313,097"
81,Arauca,2024,"317,398"
81,Arauca,2025,"320,723"
81,Arauca,2026,"323,346"
81,Arauca,2027,"325,527"
81,Arauca,2028,"327,440"
81,Arauca,2029,"329,237"
81,Arauca,2030,"331,037"
81,Arauca,2031,"332,841"
81,Arauca,2032,"334,589"
81,Arauca,2033,"336,269"
81,Arauca,2034,"337,893"
81,Arauca,2035,"339,465"
81,Arauca,2036,"340,958"
81,Arauca,2037,"342,354"
81,Arauca,2038,"343,655"
81,Arauca,2039,"344,859"
81,Arauca,2040,"345,971"
81,Arauca,2041,"346,993"
81,Arauca,2042,"347,927"
81,Arauca,2043,"348,780"
81,Arauca,2044,"349,545"
81,Arauca,2045,"350,213"
81,Arauca,2046,"350,787"
81,Arauca,2047,"351,278"
81,Arauca,2048,"351,679"
81,Arauca,2049,"351,986"
81,Arauca,2050,"352,194"
85,Casanare,2020,"443,532"
85,Casanare,2021,"452,098"
85,Casanare,2022,"459,973"
85,Casanare,2023,"467,775"
85,Casanare,2024,"475,144"
85,Casanare,2025,"481,938"
85,Casanare,2026,"488,258"
85,Casanare,2027,"494,251"
85,Casanare,2028,"499,979"
85,Casanare,2029,"505,504"
85,Casanare,2030,"510,890"
85,Casanare,2031,"516,143"
85,Casanare,2032,"521,240"
85,Casanare,2033,"526,170"
85,Casanare,2034,"530,937"
85,Casanare,2035,"535,547"
85,Casanare,2036,"539,985"
85,Casanare,2037,"544,245"
85,Casanare,2038,"548,338"
85,Casanare,2039,"552,256"
85,Casanare,2040,"555,990"
85,Casanare,2041,"559,548"
85,Casanare,2042,"562,931"
85,Casanare,2043,"566,149"
85,Casanare,2044,"569,194"
85,Casanare,2045,"572,059"
85,Casanare,2046,"574,747"
85,Casanare,2047,"577,256"
85,Casanare,2048,"579,591"
85,Casanare,2049,"581,753"
85,Casanare,2050,"583,735"
86,Putumayo,2020,"364,883"
86,Putumayo,2021,"371,213"
86,Putumayo,2022,"377,095"
86,Putumayo,2023,"383,042"
86,Putumayo,2024,"388,716"
86,Putumayo,2025,"393,988"
86,Putumayo,2026,"398,933"
86,Putumayo,2027,"403,674"
86,Putumayo,2028,"408,248"
86,Putumayo,2029,"412,685"
86,Putumayo,2030,"417,020"
86,Putumayo,2031,"421,258"
86,Putumayo,2032,"425,381"
86,Putumayo,2033,"429,383"
86,Putumayo,2034,"433,272"
86,Putumayo,2035,"437,045"
86,Putumayo,2036,"440,689"
86,Putumayo,2037,"444,205"
86,Putumayo,2038,"447,589"
86,Putumayo,2039,"450,833"
86,Putumayo,2040,"453,942"
86,Putumayo,2041,"456,919"
86,Putumayo,2042,"459,761"
86,Putumayo,2043,"462,465"
86,Putumayo,2044,"465,030"
86,Putumayo,2045,"467,462"
86,Putumayo,2046,"469,761"
86,Putumayo,2047,"471,925"
86,Putumayo,2048,"473,961"
86,Putumayo,2049,"475,860"
86,Putumayo,2050,"477,616"
88,Archipiélago de San Andrés,2020,"61,898"
88,Archipiélago de San Andrés,2021,"62,159"
88,Archipiélago de San Andrés,2022,"62,255"
88,Archipiélago de San Andrés,2023,"62,269"
88,Archipiélago de San Andrés,2024,"62,249"
88,Archipiélago de San Andrés,2025,"62,181"
88,Archipiélago de San Andrés,2026,"62,068"
88,Archipiélago de San Andrés,2027,"61,927"
88,Archipiélago de San Andrés,2028,"61,764"
88,Archipiélago de San Andrés,2029,"61,583"
88,Archipiélago de San Andrés,2030,"61,380"
88,Archipiélago de San Andrés,2031,"61,166"
88,Archipiélago de San Andrés,2032,"60,946"
88,Archipiélago de San Andrés,2033,"60,712"
88,Archipiélago de San Andrés,2034,"60,459"
88,Archipiélago de San Andrés,2035,"60,195"
88,Archipiélago de San Andrés,2036,"59,920"
88,Archipiélago de San Andrés,2037,"59,625"
88,Archipiélago de San Andrés,2038,"59,314"
88,Archipiélago de San Andrés,2039,"58,986"
88,Archipiélago de San Andrés,2040,"58,647"
88,Archipiélago de San Andrés,2041,"58,298"
88,Archipiélago de San Andrés,2042,"57,934"
88,Archipiélago de San Andrés,2043,"57,555"
88,Archipiélago de San Andrés,2044,"57,159"
88,Archipiélago de San Andrés,2045,"56,750"
88,Archipiélago de San Andrés,2046,"56,325"
88,Archipiélago de San Andrés,2047,"55,883"
88,Archipiélago de San Andrés,2048,"55,428"
88,Archipiélago de San Andrés,2049,"54,961"
88,Archipiélago de San Andrés,2050,"54,483"
91,Amazonas,2020,"80,472"
91,Amazonas,2021,"82,171"
91,Amazonas,2022,"83,690"
91,Amazonas,2023,"85,056"
91,Amazonas,2024,"86,318"
91,Amazonas,2025,"87,480"
91,Amazonas,2026,"88,555"
91,Amazonas,2027,"89,581"
91,Amazonas,2028,"90,560"
91,Amazonas,2029,"91,505"
91,Amazonas,2030,"92,422"
91,Amazonas,2031,"93,316"
91,Amazonas,2032,"94,191"
91,Amazonas,2033,"95,039"
91,Amazonas,2034,"95,861"
91,Amazonas,2035,"96,663"
91,Amazonas,2036,"97,436"
91,Amazonas,2037,"98,178"
91,Amazonas,2038,"98,889"
91,Amazonas,2039,"99,569"
91,Amazonas,2040,"100,219"
91,Amazonas,2041,"100,837"
91,Amazonas,2042,"101,424"
91,Amazonas,2043,"101,981"
91,Amazonas,2044,"102,509"
91,Amazonas,2045,"103,008"
91,Amazonas,2046,"103,474"
91,Amazonas,2047,"103,909"
91,Amazonas,2048,"104,315"
91,Amazonas,2049,"104,691"
91,Amazonas,2050,"105,037"
94,Guainía,2020,"52,006"
94,Guainía,2021,"53,583"
94,Guainía,2022,"55,091"
94,Guainía,2023,"56,551"
94,Guainía,2024,"57,934"
94,Guainía,2025,"59,240"
94,Guainía,2026,"60,493"
94,Guainía,2027,"61,725"
94,Guainía,2028,"62,942"
94,Guainía,2029,"64,147"
94,Guainía,2030,"65,355"
94,Guainía,2031,"66,568"
94,Guainía,2032,"67,775"
94,Guainía,2033,"68,973"
94,Guainía,2034,"70,161"
94,Guainía,2035,"71,339"
94,Guainía,2036,"72,505"
94,Guainía,2037,"73,655"
94,Guainía,2038,"74,789"
94,Guainía,2039,"75,909"
94,Guainía,2040,"77,012"
94,Guainía,2041,"78,094"
94,Guainía,2042,"79,158"
94,Guainía,2043,"80,207"
94,Guainía,2044,"81,239"
94,Guainía,2045,"82,254"
94,Guainía,2046,"83,251"
94,Guainía,2047,"84,238"
94,Guainía,2048,"85,214"
94,Guainía,2049,"86,173"
94,Guainía,2050,"87,114"
95,Guaviare,2020,"89,050"
95,Guaviare,2021,"91,717"
95,Guaviare,2022,"94,625"
95,Guaviare,2023,"97,616"
95,Guaviare,2024,"100,497"
95,Guaviare,2025,"103,237"
95,Guaviare,2026,"105,855"
95,Guaviare,2027,"108,407"
95,Guaviare,2028,"110,899"
95,Guaviare,2029,"113,335"
95,Guaviare,2030,"115,735"
95,Guaviare,2031,"118,100"
95,Guaviare,2032,"120,426"
95,Guaviare,2033,"122,704"
95,Guaviare,2034,"124,942"
95,Guaviare,2035,"127,141"
95,Guaviare,2036,"129,291"
95,Guaviare,2037,"131,399"
95,Guaviare,2038,"133,469"
95,Guaviare,2039,"135,492"
95,Guaviare,2040,"137,466"
95,Guaviare,2041,"139,398"
95,Guaviare,2042,"141,296"
95,Guaviare,2043,"143,151"
95,Guaviare,2044,"144,957"
95,Guaviare,2045,"146,724"
95,Guaviare,2046,"148,458"
95,Guaviare,2047,"150,157"
95,Guaviare,2048,"151,813"
95,Guaviare,2049,"153,431"
95,Guaviare,2050,"155,021"
97,Vaupés,2020,"43,188"
97,Vaupés,2021,"44,378"
97,Vaupés,2022,"45,579"
97,Vaupés,2023,"46,777"
97,Vaupés,2024,"47,961"
97,Vaupés,2025,"49,142"
97,Vaupés,2026,"50,322"
97,Vaupés,2027,"51,506"
97,Vaupés,2028,"52,694"
97,Vaupés,2029,"53,886"
97,Vaupés,2030,"55,083"
97,Vaupés,2031,"56,282"
97,Vaupés,2032,"57,485"
97,Vaupés,2033,"58,687"
97,Vaupés,2034,"59,883"
97,Vaupés,2035,"61,074"
97,Vaupés,2036,"62,254"
97,Vaupés,2037,"63,423"
97,Vaupés,2038,"64,576"
97,Vaupés,2039,"65,704"
97,Vaupés,2040,"66,812"
97,Vaupés,2041,"67,905"
97,Vaupés,2042,"68,985"
97,Vaupés,2043,"70,055"
97,Vaupés,2044,"71,115"
97,Vaupés,2045,"72,160"
97,Vaupés,2046,"73,192"
97,Vaupés,2047,"74,220"
97,Vaupés,2048,"75,243"
97,Vaupés,2049,"76,256"
97,Vaupés,2050,"77,256"
99,Vichada,2020,"115,196"
99,Vichada,2021,"118,270"
99,Vichada,2022,"120,942"
99,Vichada,2023,"123,304"
99,Vichada,2024,"125,477"
99,Vichada,2025,"127,467"
99,Vichada,2026,"129,304"
99,Vichada,2027,"131,069"
99,Vichada,2028,"132,770"
99,Vichada,2029,"134,421"
99,Vichada,2030,"136,036"
99,Vichada,2031,"137,626"
99,Vichada,2032,"139,182"
99,Vichada,2033,"140,684"
99,Vichada,2034,"142,135"
99,Vichada,2035,"143,538"
99,Vichada,2036,"144,886"
99,Vichada,2037,"146,170"
99,Vichada,2038,"147,394"
99,Vichada,2039,"148,564"
99,Vichada,2040,"149,678"
99,Vichada,2041,"150,730"
99,Vichada,2042,"151,722"
99,Vichada,2043,"152,663"
99,Vichada,2044,"153,547"
99,Vichada,2045,"154,376"
99,Vichada,2046,"155,150"
99,Vichada,2047,"155,867"
99,Vichada,2048,"156,528"
99,Vichada,2049,"157,136"
99,Vichada,2050,"157,691"
